﻿{
   "CodeGenerationMode": 2,
   "ContextClassName": "DbfinanceContext",
   "ContextNamespace": null,
   "DefaultDacpacSchema": null,
   "FilterSchemas": false,
   "IncludeConnectionString": true,
   "ModelNamespace": null,
   "OutputContextPath": null,
   "OutputPath": null,
   "ProjectRootNamespace": "Emplib",
   "Schemas": null,
   "SelectedHandlebarsLanguage": 0,
   "SelectedToBeGenerated": 0,
   "Tables": [
      {
         "Name": "[dbo].[admintable]",
         "ObjectType": 0
      },
      {
         "Name": "[dbo].[attendecee]",
         "ObjectType": 0
      },
      {
         "Name": "[dbo].[leave]",
         "ObjectType": 0
      },
      {
         "Name": "[dbo].[msalary]",
         "ObjectType": 0
      },
      {
         "Name": "[dbo].[register]",
         "ObjectType": 0
      },
      {
         "Name": "[dbo].[salary]",
         "ObjectType": 0
      },
      {
         "Name": "[dbo].[wrkschedule]",
         "ObjectType": 0
      }
   ],
   "UiHint": "DESKTOP-87EF5B0\\SQLEXPRESS01.dbfinance",
   "UseBoolPropertiesWithoutDefaultSql": false,
   "UseDatabaseNames": true,
   "UseDbContextSplitting": false,
   "UseFluentApiOnly": true,
   "UseHandleBars": false,
   "UseHierarchyId": false,
   "UseInflector": true,
   "UseLegacyPluralizer": false,
   "UseManyToManyEntity": false,
   "UseNoConstructor": false,
   "UseNoDefaultConstructor": false,
   "UseNoNavigations": false,
   "UseNoObjectFilter": false,
   "UseNodaTime": false,
   "UseNullableReferences": false,
   "UseSchemaFolders": false,
   "UseSpatial": false
}